,city,city_ascii,state_id,state_name,county_fips,county_name,lat,lng,population,density,source,military,incorporated,timezone,ranking,zips,id
379,Dover,Dover,DE,Delaware,10001,Kent,39.161,-75.5203,117282,622.0,polygon,False,True,America/New_York,2,19902 19901 19904 19905 19906,1840005810
690,Wilmington,Wilmington,DE,Delaware,10003,New Castle,39.7415,-75.5413,70166,2484.0,polygon,False,True,America/New_York,2,19809 19802 19801 19806 19805 19850 19880 19884 19885 19886 19890 19893 19894 19895 19896 19898 19899,1840005579
1372,Middletown,Middletown,DE,Delaware,10003,New Castle,39.4453,-75.7166,35695,748.0,polygon,False,True,America/New_York,3,19709,1840005581
1463,Newark,Newark,DE,Delaware,10003,New Castle,39.6776,-75.7573,33515,1408.0,polygon,False,True,America/New_York,3,19713 19711 19717 19716 19725 19726,1840005578
1644,Lewes,Lewes,DE,Delaware,10005,Sussex,38.7777,-75.1448,29187,308.0,polygon,False,True,America/New_York,3,19958,1840006068
2167,Milford,Milford,DE,Delaware,10005,Sussex,38.9091,-75.4224,22102,463.0,polygon,False,True,America/New_York,3,19963,1840006069
2230,Bear,Bear,DE,Delaware,10003,New Castle,39.6188,-75.6804,21362,1444.0,polygon,False,False,America/New_York,3,19701 19702,1840005568
3118,Ocean View,Ocean View,DE,Delaware,10005,Sussex,38.5355,-75.0984,14360,305.0,polygon,False,True,America/New_York,3,19970 19945,1840006082
3122,Glasgow,Glasgow,DE,Delaware,10003,New Castle,39.6015,-75.7474,14342,557.0,polygon,False,False,America/New_York,3,19701 19702,1840005571
3293,Hockessin,Hockessin,DE,Delaware,10003,New Castle,39.7837,-75.6815,13472,518.0,polygon,False,False,America/New_York,3,19707 19736,1840005573
3350,Brookside,Brookside,DE,Delaware,10003,New Castle,39.6666,-75.7153,13191,1291.0,polygon,False,False,America/New_York,3,19713 19718,1840005569
3666,Smyrna,Smyrna,DE,Delaware,10001,Kent,39.2936,-75.6083,11813,726.0,polygon,False,True,America/New_York,3,19977,1840005820
3884,Millsboro,Millsboro,DE,Delaware,10005,Sussex,38.593,-75.3118,10985,299.0,polygon,False,True,America/New_York,3,19966,1840006079
3954,Pike Creek Valley,Pike Creek Valley,DE,Delaware,10003,New Castle,39.7296,-75.6993,10664,1594.0,polygon,False,False,America/New_York,3,19808 19711,1840028614
3967,Georgetown,Georgetown,DE,Delaware,10005,Sussex,38.6894,-75.3872,10638,581.0,polygon,False,True,America/New_York,3,19947,1840006065
4584,Claymont,Claymont,DE,Delaware,10003,New Castle,39.8032,-75.4606,8676,1557.0,polygon,False,False,America/New_York,3,19703,1840005570
4743,Pike Creek,Pike Creek,DE,Delaware,10003,New Castle,39.7485,-75.6953,8312,1165.0,polygon,False,False,America/New_York,3,19808 19707 19711,1840028618
4886,Seaford,Seaford,DE,Delaware,10005,Sussex,38.6538,-75.611,8013,609.0,polygon,False,True,America/New_York,3,19973,1840006071
4918,Wilmington Manor,Wilmington Manor,DE,Delaware,10003,New Castle,39.6858,-75.5849,7902,1887.0,polygon,False,False,America/New_York,3,19720,1840005575
5127,North Star,North Star,DE,Delaware,10003,New Castle,39.755,-75.7331,7441,422.0,polygon,False,False,America/New_York,3,19711,1840028615
5629,Edgemoor,Edgemoor,DE,Delaware,10003,New Castle,39.7551,-75.507,6471,1338.0,polygon,False,False,America/New_York,3,19809 19802,1840028608
5977,Elsmere,Elsmere,DE,Delaware,10003,New Castle,39.7385,-75.5946,5872,2252.0,polygon,False,True,America/New_York,2,19804 19805,1840005574
6290,New Castle,New Castle,DE,Delaware,10003,New Castle,39.6685,-75.5692,5392,617.0,polygon,False,True,America/New_York,3,19720 19721,1840005577
6964,Harrington,Harrington,DE,Delaware,10001,Kent,38.9244,-75.5707,4543,515.0,polygon,False,True,America/New_York,3,19952,1840005811
7148,Laurel,Laurel,DE,Delaware,10005,Sussex,38.5692,-75.5689,4356,606.0,polygon,False,True,America/New_York,3,19956,1840006078
7267,Rising Sun-Lebanon,Rising Sun-Lebanon,DE,Delaware,10001,Kent,39.0999,-75.5047,4263,460.0,polygon,False,True,America/New_York,3,19934 19962 19901,1840073664
7675,Bridgeville,Bridgeville,DE,Delaware,10005,Sussex,38.7251,-75.6029,3862,189.0,polygon,False,True,America/New_York,3,19933,1840006075
7934,Highland Acres,Highland Acres,DE,Delaware,10001,Kent,39.1162,-75.5216,3645,943.0,polygon,False,False,America/New_York,3,19901,1840028616
8046,Camden,Camden,DE,Delaware,10001,Kent,39.0991,-75.557,3551,364.0,polygon,False,True,America/New_York,3,19934 19904,1840005813
8092,Clayton,Clayton,DE,Delaware,10001,Kent,39.2846,-75.6364,3508,709.0,polygon,False,True,America/New_York,3,19977 19938,1840005815
8156,Dover Base Housing,Dover Base Housing,DE,Delaware,10001,Kent,39.1179,-75.4838,3467,1826.0,polygon,True,True,America/New_York,3,19901,1840073616
8861,Milton,Milton,DE,Delaware,10005,Sussex,38.7751,-75.3104,2987,650.0,polygon,False,True,America/New_York,3,19968,1840006081
9363,Riverview,Riverview,DE,Delaware,10001,Kent,39.0293,-75.5202,2684,286.0,polygon,False,False,America/New_York,3,19946 19943,1840028613
9419,Townsend,Townsend,DE,Delaware,10003,New Castle,39.3968,-75.6945,2659,970.0,polygon,False,True,America/New_York,3,19734,1840005584
9639,Long Neck,Long Neck,DE,Delaware,10005,Sussex,38.62,-75.1511,2556,396.0,polygon,False,False,America/New_York,3,19966,1840028617
9641,Woodside East,Woodside East,DE,Delaware,10001,Kent,39.0676,-75.5376,2555,575.0,polygon,False,True,America/New_York,3,19943 19962,1840073744
9669,Selbyville,Selbyville,DE,Delaware,10005,Sussex,38.4631,-75.2115,2540,277.0,polygon,False,True,America/New_York,3,19975,1840006083
9892,Kent Acres,Kent Acres,DE,Delaware,10001,Kent,39.1325,-75.5161,2429,1104.0,polygon,False,False,America/New_York,3,19901,1840028609
10091,Greenville,Greenville,DE,Delaware,10003,New Castle,39.7783,-75.6049,2333,328.0,polygon,False,False,America/New_York,3,19807,1840005572
11272,Delaware City,Delaware City,DE,Delaware,10003,New Castle,39.5743,-75.5939,1837,375.0,polygon,False,True,America/New_York,3,19706,1840005576
11316,Delmar,Delmar,DE,Delaware,10005,Sussex,38.465,-75.5552,1822,370.0,polygon,False,True,America/New_York,3,19940,1840006077
11695,Cheswold,Cheswold,DE,Delaware,10001,Kent,39.2189,-75.5883,1695,356.0,polygon,False,True,America/New_York,3,19936 19901 19904,1840005814
12163,Wyoming,Wyoming,DE,Delaware,10001,Kent,39.1147,-75.5631,1549,574.0,polygon,False,True,America/New_York,3,19934,1840005822
12176,Rehoboth Beach,Rehoboth Beach,DE,Delaware,10005,Sussex,38.7171,-75.0845,1546,507.0,polygon,False,True,America/New_York,3,19971,1840006070
12525,Blades,Blades,DE,Delaware,10005,Sussex,38.6353,-75.6022,1454,1010.0,polygon,False,True,America/New_York,3,19973,1840006074
12675,Felton,Felton,DE,Delaware,10001,Kent,39.0127,-75.5764,1414,692.0,polygon,False,True,America/New_York,3,19943,1840005806
12842,Rodney Village,Rodney Village,DE,Delaware,10001,Kent,39.1284,-75.5396,1370,901.0,polygon,False,False,America/New_York,3,19904,1840005804
13402,Bethany Beach,Bethany Beach,DE,Delaware,10005,Sussex,38.5391,-75.066,1245,418.0,polygon,False,True,America/New_York,3,19930,1840006072
13788,Bellefonte,Bellefonte,DE,Delaware,10003,New Castle,39.7669,-75.4982,1164,2536.0,polygon,False,True,America/New_York,2,19809,1840005580
13930,Greenwood,Greenwood,DE,Delaware,10005,Sussex,38.8066,-75.5897,1139,518.0,polygon,False,True,America/New_York,3,19950,1840006066
14411,Newport,Newport,DE,Delaware,10003,New Castle,39.7136,-75.6052,1039,915.0,polygon,False,True,America/New_York,3,19804,1840005582
14717,Frankford,Frankford,DE,Delaware,10005,Sussex,38.5215,-75.2342,987,522.0,polygon,False,True,America/New_York,3,19945,1840006064
15112,Dagsboro,Dagsboro,DE,Delaware,10005,Sussex,38.5464,-75.2461,927,245.0,polygon,False,True,America/New_York,3,19939,1840006076
15652,Frederica,Frederica,DE,Delaware,10001,Kent,39.008,-75.4667,849,188.0,polygon,False,True,America/New_York,3,19946,1840005807
16080,St. Georges,St. Georges,DE,Delaware,10003,New Castle,39.5577,-75.6533,795,316.0,polygon,False,False,America/New_York,3,19720 19701 19709 19733,1840028612
17491,Millville,Millville,DE,Delaware,10005,Sussex,38.5356,-75.1284,626,94.0,polygon,False,True,America/New_York,3,19970 19945 19967,1840006080
18511,South Bethany,South Bethany,DE,Delaware,10005,Sussex,38.516,-75.0589,530,406.0,polygon,False,True,America/New_York,3,19930,1840006085
19546,Fenwick Island,Fenwick Island,DE,Delaware,10005,Sussex,38.4604,-75.0542,445,518.0,polygon,False,True,America/New_York,3,19944,1840006063
19623,Arden,Arden,DE,Delaware,10003,New Castle,39.8113,-75.4886,440,675.0,polygon,False,True,America/New_York,3,19810,1840005585
19704,Ellendale,Ellendale,DE,Delaware,10005,Sussex,38.8102,-75.425,434,394.0,polygon,False,True,America/New_York,3,19941,1840006062
20116,Houston,Houston,DE,Delaware,10001,Kent,38.9174,-75.5039,405,408.0,polygon,False,True,America/New_York,3,19954,1840005809
20193,Dewey Beach,Dewey Beach,DE,Delaware,10005,Sussex,38.6958,-75.0749,400,466.0,polygon,False,True,America/New_York,3,19971,1840006061
20557,Bowers,Bowers,DE,Delaware,10001,Kent,39.0602,-75.4021,374,463.0,polygon,False,True,America/New_York,3,19946,1840073749
20777,Odessa,Odessa,DE,Delaware,10003,New Castle,39.4562,-75.6605,360,273.0,polygon,False,True,America/New_York,3,19709 19730,1840005583
21929,Magnolia,Magnolia,DE,Delaware,10001,Kent,39.0714,-75.476,289,570.0,polygon,False,True,America/New_York,3,19962,1840005819
22255,Kenton,Kenton,DE,Delaware,10001,Kent,39.2272,-75.6646,271,593.0,polygon,False,True,America/New_York,3,19938 19955,1840005816
22273,Ardentown,Ardentown,DE,Delaware,10003,New Castle,39.8081,-75.4807,270,472.0,polygon,False,True,America/New_York,3,19810 19703,1840005587
22841,Slaughter Beach,Slaughter Beach,DE,Delaware,10005,Sussex,38.915,-75.309,241,65.0,polygon,False,True,America/New_York,3,19963,1840006084
22953,Little Creek,Little Creek,DE,Delaware,10001,Kent,39.1664,-75.4483,235,913.0,polygon,False,True,America/New_York,3,19901,1840005818
23370,Ardencroft,Ardencroft,DE,Delaware,10003,New Castle,39.8056,-75.4862,216,952.0,polygon,False,True,America/New_York,3,19810,1840005586
23614,Leipsic,Leipsic,DE,Delaware,10001,Kent,39.243,-75.5155,205,266.0,polygon,False,True,America/New_York,3,19977 19901,1840005817
23720,Bethel,Bethel,DE,Delaware,10005,Sussex,38.571,-75.6196,201,176.0,polygon,False,True,America/New_York,3,19931,1840006073
23924,Woodside,Woodside,DE,Delaware,10001,Kent,39.0712,-75.5667,193,527.0,polygon,False,True,America/New_York,3,19943 19904 19980,1840005821
24553,Viola,Viola,DE,Delaware,10001,Kent,39.0429,-75.5714,165,359.0,polygon,False,True,America/New_York,3,19979,1840003807
25084,Henlopen Acres,Henlopen Acres,DE,Delaware,10005,Sussex,38.7257,-75.0849,144,217.0,polygon,False,True,America/New_York,3,19971,1840006067
25654,Farmington,Farmington,DE,Delaware,10001,Kent,38.8699,-75.579,122,647.0,polygon,False,True,America/New_York,3,19950,1840005805
26837,Hartly,Hartly,DE,Delaware,10001,Kent,39.1684,-75.7127,76,518.0,polygon,False,True,America/New_York,3,19953,1840005808
